artist_id,tag_id,tag_name,avg_score,avg_fav_count,target_post_count,total_post_count,target_ratio
199127,1556845,bartolomeobari,591.2155172413793103,664.4310344827586207,116,144,0.8055555555555556
117227,1307386,asou_(asabu202),405.2857142857142857,476.4714285714285714,70,209,0.3349282296650718
25424,534280,mignon,329.016260162601626,426.8130081300813008,123,632,0.19462025316455697
191191,1543884,nyantcha,310.0622895622895623,361.7609427609427609,594,1656,0.358695652173913
248022,1692689,inukai_mofu,300.6923076923076923,293.1346153846153846,52,112,0.4642857142857143
139159,1609971,re:shimashima,297.4623655913978495,319.5268817204301075,93,424,0.21933962264150944
218915,1612218,shironekokfp,296.9130434782608696,285.7391304347826087,23,143,0.16083916083916083
68126,1727201,misaka_12003-gou,293.5319148936170213,341.7163120567375887,141,322,0.43788819875776397
204503,1572829,shexyo,285.5522388059701493,297.4029850746268657,67,510,0.13137254901960785
276915,1884975,gusha_s,284.7323943661971831,275.5211267605633803,71,118,0.6016949152542372
189147,1530166,hot_vr,284.639344262295082,280.4808743169398907,183,505,0.36237623762376237
96851,1551655,kairunoburogu,281.7695167286245353,358.8810408921933086,269,735,0.3659863945578231
163384,1574421,monobe_yuri,280.0033444816053512,305.157190635451505,299,422,0.7085308056872038
190153,1532990,paloma_piquet,279.9384615384615385,322.1769230769230769,130,205,0.6341463414634146
265292,1733509,jornyhail,279.4318181818181818,273.0454545454545455,44,144,0.3055555555555556
197409,1552208,akusema,274.4838709677419355,378.032258064516129,31,273,0.11355311355311355
263247,1728895,greatodoggo,269.9294117647058824,260.2,85,277,0.30685920577617326
175317,1491419,kumasteam,268.0934579439252336,337.0186915887850467,107,173,0.6184971098265896
190623,1534342,mochirong,263.5542168674698795,283.2891566265060241,83,420,0.1976190476190476
247142,2021239,choujiroo,261.6153846153846154,254.2692307692307692,26,146,0.1780821917808219
205360,1600632,soso_(chlgksk110),260.8214285714285714,363.9880952380952381,84,156,0.5384615384615384
107679,1273889,waterring,257.0564784053156146,271.840531561461794,301,559,0.5384615384615384
212255,1655526,merrytail,256.6275862068965517,251.9931034482758621,145,209,0.69377990430622
215463,1603105,pantheon_eve,246.9387755102040816,260.5102040816326531,49,133,0.3684210526315789
195783,1548030,u_ronnta,246.1333333333333333,276.3666666666666667,30,167,0.17964071856287425
371607,1466983,suoiresnu,245.7254901960784314,281.6568627450980392,102,255,0.4
194056,1553387,asura_(asurauser),242.8588235294117647,266.5294117647058824,85,252,0.3373015873015873
109553,1566000,da_mao_banlangen,240.0919540229885057,318.896551724137931,87,150,0.58
257458,1715422,yuyu5x,238.6862745098039216,227.3137254901960784,51,121,0.4214876033057851
332546,1884139,redi_(rasec_asdjh),236.8333333333333333,229.7777777777777778,18,157,0.11464968152866242
214072,1599260,l_ract,236.7222222222222222,259.1666666666666667,36,151,0.23841059602649006
202499,1577410,sabamori,234.6153846153846154,227.5,26,162,0.16049382716049382
187313,1600725,ariso_kaoru,234.3170731707317073,239.6829268292682927,41,133,0.3082706766917293
268053,1752380,diforland,232.5357142857142857,225.2857142857142857,28,127,0.2204724409448819
74908,694729,ricegnat,231.9095477386934673,362.5125628140703518,199,514,0.38715953307393
169659,1476290,misekai_555,229.1223021582733813,308.1151079136690647,139,379,0.36675461741424803
208645,1583299,okpriko,228.1428571428571429,230.9761904761904762,42,265,0.15849056603773584
115305,1300033,gin00,227.7681159420289855,241,69,413,0.16707021791767554
7244,907904,takemura_sessyu,226.8308823529411765,282.1544117647058824,136,248,0.5483870967741935
19186,626940,sage_joh,226.0784313725490196,250.803921568627451,51,326,0.15644171779141106
4302,1266395,kaede_(sayappa),225.8888888888888889,335.7777777777777778,81,227,0.3568281938325991
201551,1635073,beeeeen,225.8588235294117647,226.8588235294117647,85,282,0.30141843971631205
218634,1611538,turbulence,225.0555555555555556,218.1666666666666667,18,164,0.10975609756097561
265824,1734874,uechin_ewokaku,224.44,213.08,25,143,0.17482517482517482
198971,1556432,simao_(x_x36131422),222.4779411764705882,291.3308823529411765,136,334,0.40718562874251496
287470,1789979,sleepypudding,222.4285714285714286,214.2142857142857143,28,110,0.2545454545454545
169482,1475877,mdf_an,220.6326530612244898,273.7006802721088435,147,497,0.29577464788732394
208484,1582851,pepper0,218.8857142857142857,316.6428571428571429,70,287,0.24390243902439024
262670,2018960,muke_(fz064),216.2522522522522523,210.5855855855855856,111,156,0.7115384615384616
229662,1644886,brikot,216.0786516853932584,218.6853932584269663,89,121,0.7355371900826446
142920,1391175,niliu_chahui,215.8024263431542461,236.5996533795493934,577,945,0.6105820105820106
153622,1949715,sleepy_frippy,214.9375,206.5625,32,133,0.24060150375939848
212987,1595932,the_atko,213.7901234567901235,218.4320987654320988,81,174,0.46551724137931033
186632,1522642,mamimi_(mamamimi),213.4533333333333333,231.12,75,318,0.2358490566037736
166280,1782873,valtor,213.1870503597122302,280.8848920863309353,278,456,0.6096491228070176
29378,485751,nanaichi,210.4651162790697674,207.7674418604651163,43,124,0.3467741935483871
222235,1622546,pinki_o64,210.3571428571428571,205,14,112,0.125
198726,1575666,squeezable_(artist),209.4137931034482759,260.6982758620689655,116,396,0.29292929292929293
123572,1441298,jp06,208.2564102564102564,280,39,311,0.12540192926045016
94112,1585726,machi_(7769),208.2142857142857143,201.1785714285714286,28,273,0.10256410256410256
78366,1580280,takurowo,208.1914893617021277,227.148936170212766,47,162,0.29012345679012347
219960,1616450,sp123,207.3333333333333333,222.0833333333333333,24,129,0.18604651162790697
189195,1639466,ie_(raarami),207.1649484536082474,267.8144329896907216,97,181,0.5359116022099447
118364,1428168,sonri,207.0869565217391304,207.0434782608695652,69,145,0.47586206896551725
134414,1365870,sohn_woohyoung,206.5285714285714286,269.5714285714285714,70,181,0.3867403314917127
65048,620111,masami_chie,206.3898305084745763,282.0508474576271186,59,519,0.11368015414258188
115562,1300751,tarakanovich,205.3522727272727273,307.2613636363636364,176,418,0.42105263157894735
169212,1475383,sanuki_(kyoudashya),204.1485148514851485,288.2277227722772277,101,179,0.5642458100558659
183956,1514664,omone_hokoma_agm,202.1397849462365591,247.5376344086021505,93,581,0.16006884681583478
187132,1524054,z.taiga,201.8372093023255814,216.8883720930232558,215,385,0.5584415584415584
295680,1808827,gsusart,201.0840336134453782,193.7983193277310924,119,345,0.34492753623188405
179548,1562812,yamiiv,200.8666666666666667,268.6666666666666667,15,122,0.12295081967213115
66517,1564330,denhijou_niki,199.9111111111111111,217.4333333333333333,90,160,0.5625
147679,1405425,komainu_(yamaha1997),199.8888888888888889,201,18,110,0.16363636363636364
294170,1805133,ayomo_ro,199.6388888888888889,194.2777777777777778,36,117,0.3076923076923077
305504,1607376,zynxy,199.5957446808510638,214.5106382978723404,47,128,0.3671875
77256,1433059,ipuu_(el-ane_koubou),198.6554054054054054,268.0337837837837838,148,308,0.4805194805194805
249723,1697175,mochitsuki_karen,198.4509803921568627,190.8627450980392157,51,157,0.3248407643312102
235669,1714753,zero_a,198.3209876543209877,201.1111111111111111,81,114,0.7105263157894737
49812,1762579,puuzaki_puuna,197.5824175824175824,286.9615384615384615,182,480,0.37916666666666665
129353,1767514,hiyashi_mirano,196,197.5,20,102,0.19607843137254902
61773,1451923,sawada_yuusuke,195.8636363636363636,220.0454545454545455,66,230,0.28695652173913044
156300,1434363,lun7732,195.7857142857142857,270.7857142857142857,14,107,0.1308411214953271
254406,1688623,fluffydango,195.2550335570469799,188.5100671140939597,149,275,0.5418181818181819
181501,1508191,vierzeck,194.619047619047619,224.0714285714285714,42,170,0.24705882352941178
36778,1599658,hu_dako,194.5789473684210526,236.9157894736842105,95,411,0.23114355231143552
153301,1365443,afrobull,194.5459317585301837,247.0183727034120735,381,1144,0.333041958041958
165145,1463932,roropull,194.2580645161290323,242.4435483870967742,248,487,0.5092402464065708
219323,1507661,greatm8,193.4740740740740741,191.0851851851851852,270,456,0.5921052631578947
159992,1448706,kataokasan,193.4186046511627907,192.0348837209302326,86,192,0.4479166666666667
200366,1560649,classic_(zildjian33),192.55,184.5,20,173,0.11560693641618497
22424,458002,kyokucho,192.4625,269.4625,80,283,0.2826855123674912
184870,1517165,unfairr,192.0780669144981413,209.5446096654275093,538,701,0.7674750356633381
161579,1467505,ia_(ias1010),191.4651162790697674,224.5581395348837209,43,274,0.15693430656934307
121733,1441922,greem_bang,191.3236842105263158,223.9447368421052632,380,752,0.5053191489361702
96999,1579685,yuyu_(yuyuworks),191.2459016393442623,199.0327868852459016,61,208,0.2932692307692308
166291,1467563,sunhyun,191.0206896551724138,205.2344827586206897,145,625,0.232
181189,1507212,eonsang,191.0088495575221239,214.5221238938053097,113,431,0.26218097447795824
216226,1605244,kuroi_suna,190.7631578947368421,193.2807017543859649,114,310,0.36774193548387096
188228,1527669,norza,190.0994764397905759,201.2774869109947644,191,341,0.5601173020527859
4589,1993518,lunch_(shin_new),189.5714285714285714,223.380952380952381,21,129,0.16279069767441862
158615,1443317,hokori_sakuni,188.6,194.9333333333333333,30,210,0.14285714285714285
207017,1790043,bob_(bobtheneet),188.55,185.675,40,172,0.23255813953488372
177535,1497505,ramanda,187.7583333333333333,206.5166666666666667,120,344,0.3488372093023256
145116,1397830,wangxiii,187.3428571428571429,221.8428571428571429,70,291,0.24054982817869416
208103,1579771,thirty_8ght,185.9876543209876543,192.4074074074074074,81,202,0.400990099009901
118558,1312419,umonebi,184.9850746268656716,219.0298507462686567,67,193,0.3471502590673575
173119,1456451,cla_(finesoda),184.4094488188976378,198.3228346456692913,127,229,0.5545851528384279
227996,1639679,maskwolf,184.3191489361702128,227.8297872340425532,47,159,0.29559748427672955
60130,719137,satsuki_neko,182.9,253.8375,80,355,0.22535211267605634
175404,1604954,momihige,182.9,208.7333333333333333,30,145,0.20689655172413793
215232,1602384,z282g,182.1917098445595855,200.3471502590673575,193,238,0.8109243697478992
157370,1571303,sy4,182.1864406779661017,292.7457627118644068,59,199,0.2964824120603015
112965,1292374,lvl_(sentrythe2310),181.9577464788732394,229.1126760563380282,213,618,0.3446601941747573
130633,1588397,turisasu,181.4444444444444444,257.1851851851851852,27,263,0.10266159695817491
215746,1603810,sawkm,181.3448275862068966,181.7241379310344828,29,219,0.1324200913242009
211241,1590782,kisou_(kisou00),181.1333333333333333,210.9333333333333333,15,115,0.13043478260869565
204136,1783351,hominamia,180.6585365853658537,187.8292682926829268,41,308,0.1331168831168831
177400,1497037,dh-zone,180.4642857142857143,190.2142857142857143,28,117,0.23931623931623933
224915,1632550,camonome,179.6633858267716535,198.1594488188976378,508,670,0.7582089552238805
196695,1587634,ruberule,179.5593220338983051,217.0847457627118644,59,108,0.5462962962962963
173839,1711977,cirilla_lin,179.225,198.55,40,362,0.11049723756906077
259998,1720396,pinkcap,178.6527777777777778,173.5,72,170,0.4235294117647059
86083,625428,faustsketcher,177.83,290.56,100,164,0.6097560975609756
161056,1452654,sydus,177.6666666666666667,196.3737373737373737,99,433,0.22863741339491916
6508,1380781,b-ginga,177.140625,221.859375,320,970,0.32989690721649484
188791,1529279,awesomeerix,176.58,180.62,50,143,0.34965034965034963
154307,1563491,meion,176.4736842105263158,268.0263157894736842,38,279,0.13620071684587814
248556,1694058,iumu,176.0246913580246914,170.0123456790123457,81,106,0.7641509433962265
138710,1818144,nakamura_rohane,175.8,206.3714285714285714,35,221,0.1583710407239819
195652,1585278,shengtian,174.9925925925925926,188.662962962962963,270,733,0.3683492496589359
226321,1635695,ano_(gccx8784),174.6857142857142857,191.9428571428571429,35,105,0.3333333333333333
33869,504669,haku89,174.5258620689655172,181.3793103448275862,116,243,0.4773662551440329
132563,1618302,hella_p,174.22,181.06,50,463,0.1079913606911447
240091,1672747,berserker_r,174.1052631578947368,170.6315789473684211,19,140,0.1357142857142857
127730,718512,ndgd,173.0459183673469388,237.3775510204081633,196,575,0.3408695652173913
188590,1528510,kukumomo,172.765625,196.6875,64,294,0.21768707482993196
205807,1538421,chikaretsu,172.3486238532110092,191.9908256880733945,109,307,0.3550488599348534
222473,1623120,shaggy_susu,172.1052631578947368,184.6105263157894737,95,153,0.6209150326797386
130858,1596727,suujiniku,172.0769230769230769,170.9423076923076923,52,452,0.11504424778761062
256179,1712187,coro_fae,171.7959183673469388,164.8571428571428571,49,341,0.1436950146627566
243951,1860036,docozi,171.4909090909090909,167.0636363636363636,110,217,0.5069124423963134
223385,1625477,arttoru,171.3571428571428571,166.6785714285714286,28,122,0.22950819672131148
184641,1719795,ririko_(fhnngririko),170.8987341772151899,174.4050632911392405,79,117,0.6752136752136753
142817,572700,dyun,170.6511627906976744,216.4186046511627907,43,363,0.1184573002754821
131027,1331180,yellowroom,170.043956043956044,269.1648351648351648,91,200,0.455
124148,1332977,haishiki,168.5714285714285714,176.0476190476190476,21,101,0.2079207920792079
100909,1597669,yd_(orange_maru),168.5185185185185185,277.4506172839506173,162,1356,0.11946902654867257
143318,1392535,letdie1414,168.4754098360655738,293.540983606557377,61,190,0.32105263157894737
6673,1385284,akino_komichi,168.4390243902439024,192.5731707317073171,82,178,0.4606741573033708
269156,1755123,gdhs,167.8378378378378378,163.2432432432432432,37,110,0.33636363636363636
228129,1641108,hagi_(ame_hagi),167.75,174.2916666666666667,48,186,0.25806451612903225
156384,1434557,doruka,167.6923076923076923,171.2692307692307692,52,113,0.46017699115044247
148562,1854843,ro_g_(oowack),166.9827586206896552,161.4310344827586207,58,254,0.2283464566929134
106252,1534441,optionaltypo,166.1503267973856209,242.6895424836601307,306,1158,0.26424870466321243
137456,1376501,neps-l,166,198.7777777777777778,63,252,0.25
199019,1556567,mo_ne,165.9615384615384615,238.7307692307692308,26,241,0.1078838174273859
177123,1550015,chintora0201,165.475,201.525,40,256,0.15625
166519,1468483,aochoku,165.380952380952381,160,21,196,0.10714285714285714
78039,1311231,m-da_s-tarou,165.3586291309669523,215.8800489596083231,817,1816,0.4498898678414097
143386,1392668,menoziriath,165.0952380952380952,217.9761904761904762,42,104,0.40384615384615385
223859,1627906,sunset_skyline,164.96,166.12,25,117,0.21367521367521367
198125,1554122,hxd,164.7073170731707317,286.951219512195122,41,263,0.155893536121673
241967,1845622,dodok_(gj77230),164.6666666666666667,169.0833333333333333,48,127,0.3779527559055118
141065,1386914,nofuture,163.7647058823529412,164.7647058823529412,17,168,0.10119047619047619
156733,1648626,jasony,163.6333333333333333,190.7666666666666667,30,215,0.13953488372093023
218509,1607298,putama,163.186046511627907,187.7674418604651163,43,269,0.15985130111524162
201068,1562353,lsls,163,187.4705882352941176,34,143,0.23776223776223776
150716,1414954,chicke_iii,162.6521739130434783,212.8260869565217391,23,130,0.17692307692307693
186660,1614063,hyouuma,162.5630252100840336,191.7310924369747899,119,297,0.4006734006734007
140984,1386637,sunna_(nilsunna),162.4037558685446009,214.5962441314553991,213,386,0.5518134715025906
44311,538732,thanabis,162.339622641509434,200.0377358490566038,106,194,0.5463917525773195
178894,1859057,mujinbensin,162.3271028037383178,188.3925233644859813,107,533,0.20075046904315197
91953,1643413,kacyu,162.2352941176470588,195.5882352941176471,17,156,0.10897435897435898
129393,1350937,ah-lyong_lee,162.1791044776119403,199.4626865671641791,67,241,0.27800829875518673
74532,1253517,asutora,162.0515463917525773,230.7164948453608247,194,1154,0.1681109185441941
197367,1551980,kasseus_maximus,161.1463414634146341,191.3902439024390244,41,101,0.40594059405940597
216443,1605746,kusana_(dudqja602),161.0465116279069767,184.0232558139534884,43,187,0.22994652406417113
228533,1642073,honon,160.9285714285714286,155,84,132,0.6363636363636364
49237,559400,moketa,160.4696356275303644,168.582995951417004,247,338,0.7307692307692307
32277,1616605,club3,160.410958904109589,239.0410958904109589,73,698,0.10458452722063037
181410,1633876,binggong_asylum,160.0185185185185185,172.7777777777777778,54,257,0.21011673151750973
104178,1262824,miazi,159.8201058201058201,200.4285714285714286,189,423,0.44680851063829785
98604,715577,animeflux,159.8,252.1619047619047619,105,150,0.7
286847,1788556,mashicono,159.5272727272727273,155.4727272727272727,55,103,0.5339805825242718
200988,1562192,renetan,159.09375,174.375,32,266,0.12030075187969924
213421,1609055,fouriasensei,158.8831168831168831,193.012987012987013,77,252,0.3055555555555556
267121,1750091,aelion_draws,158.7894736842105263,154.3684210526315789,19,152,0.125
158899,1429074,pudgeruffian,158.6210526315789474,201.5894736842105263,95,306,0.3104575163398693
131131,1650866,akano_murasaki,158.3925233644859813,194.7757009345794393,107,222,0.481981981981982
95622,1227391,kenshin187,158.0188679245283019,237.1773584905660377,265,586,0.4522184300341297
148583,1930180,sendo_(sendrawz),157.84,276.04,50,334,0.1497005988023952
125689,1338559,rhasta,157.6388888888888889,242.5,36,129,0.27906976744186046
195702,1547827,unsfrau,157.6212121212121212,174.9848484848484848,66,292,0.22602739726027396
109158,1276824,eliskalti,157.4920634920634921,226.0317460317460317,63,251,0.250996015936255
236653,1711753,hahakigi,155.8448275862068966,158.103448275862069,58,109,0.5321100917431193
134061,1364842,ale_(ale_halexxx),155.3222222222222222,199.9111111111111111,90,176,0.5113636363636364
163161,1448759,gainoob,155.1538461538461538,174,26,245,0.10612244897959183
289938,1796021,zhazhapao,154.8536585365853659,150.3902439024390244,82,143,0.5734265734265734
70408,492399,alp,154.7909090909090909,206.4454545454545455,110,602,0.18272425249169436
196870,1647772,iuui,154.75,190.671875,64,224,0.2857142857142857
284536,1783325,moral_cacoethes,154.3934426229508197,149.0983606557377049,122,289,0.42214532871972316
162589,1457488,izure_(pixiv16392012),154.25,239.2,20,101,0.19801980198019803
221173,1622484,jon_(pixiv31559095),154.1710526315789474,170.6052631578947368,76,181,0.4198895027624309
130741,1355771,f.w.zholic,154.1428571428571429,173.4285714285714286,14,128,0.109375
256865,1757820,oroborus,153.7777777777777778,148.9365079365079365,63,443,0.14221218961625282
199229,1793996,puk_(puk_2020),153.4,157.16,25,134,0.1865671641791045
300904,1820537,dracksart,153.2941176470588235,150.0588235294117647,17,107,0.1588785046728972
11712,1664028,xe_(execut3r),153.1578947368421053,214.2894736842105263,38,189,0.20105820105820105
165216,1464125,mmmmmkun,152.76,160.96,25,105,0.23809523809523808
128319,1346870,oekakizuki,152.3694581280788177,205.4187192118226601,203,948,0.2141350210970464
204822,1573410,puzenketsu,152.3333333333333333,165.8333333333333333,12,111,0.10810810810810811
246593,1689366,sukoyaka93,152.0588235294117647,147.5882352941176471,17,160,0.10625
158907,1444643,donedone,151.7058823529411765,270.6691176470588235,136,171,0.7953216374269005
250000,1699818,morisobo,151.7049180327868852,148.8852459016393443,61,585,0.10427350427350428
245276,1457409,rat_huang,151.5256410256410256,153.3974358974358974,78,181,0.430939226519337
133027,1362113,takashia_(akimototakashia),151.0681818181818182,189.75,44,205,0.2146341463414634
29863,487805,yasojima_nejiro,150.9647058823529412,183.9058823529411765,85,244,0.3483606557377049
149118,1503761,tamada_heijun,150.5538461538461538,202.0461538461538462,65,182,0.35714285714285715
144167,1394959,kie_(wylee2212),150.2790697674418605,150.4069767441860465,86,201,0.42786069651741293
200102,1874289,poper_(arin_sel),150.2407407407407407,160.7777777777777778,54,171,0.3157894736842105
129012,1349887,goldowl,150.0560747663551402,147.308411214953271,107,245,0.43673469387755104
146238,1401459,ata_(tsumari),149.9722222222222222,178.25,72,144,0.5
225249,1633244,kuon_bb,149.9,144.3,20,118,0.1694915254237288
202536,1566680,dermar,149.6068376068376068,147.6495726495726496,117,526,0.2224334600760456
194655,1545288,mark_gavatino,149.4909090909090909,150.8,55,276,0.19927536231884058
117021,1589313,himitsu_(hi_mi_tsu_2),149.1203007518796992,255.6541353383458647,133,417,0.31894484412470026
202697,1567106,amog,148.8888888888888889,172.2592592592592593,81,336,0.24107142857142858
162291,1456455,luminyu,148.4607843137254902,168.5784313725490196,102,340,0.3
231368,1649532,eufoniuz,148.396039603960396,145.9603960396039604,101,230,0.4391304347826087
120902,1335201,bluefield,148.3058823529411765,249.3176470588235294,85,403,0.2109181141439206
121958,1322281,blue_gk,148.1794871794871795,213.4615384615384615,39,299,0.13043478260869565
176396,1594084,k0ng,147.5918367346938776,173.9183673469387755,49,242,0.2024793388429752
210689,1589256,emor18_shikeko,146.875,145.6666666666666667,24,103,0.23300970873786409
113194,1685373,twin_(tt_lsh),146.7920792079207921,147.5247524752475248,101,445,0.22696629213483147
154906,1430426,teriibol,146.44,167.02,50,115,0.43478260869565216
169014,1474969,rezodwel,146.4,187.8375,80,214,0.37383177570093457
158663,1443678,pumpkinspicelatte,146.3571428571428571,146.4,140,329,0.425531914893617
5148,1856380,saltydanshark,146.2222222222222222,199.7777777777777778,54,142,0.38028169014084506
51507,1646717,zen33n,145.3885350318471338,222.4076433121019108,314,511,0.6144814090019569
169164,1475269,take_(trude1945oneetyan),145.0648148148148148,173.462962962962963,108,322,0.33540372670807456
202414,474739,been,144.7931034482758621,144.9655172413793103,29,156,0.1858974358974359
10712,717777,yuzuriha_(active_homing),144.64,161.14,50,157,0.3184713375796178
204678,1482541,distr,143.9701492537313433,142.0223880597014925,134,626,0.21405750798722045
101826,1542029,ricochet-gou,143.7857142857142857,160.9285714285714286,28,268,0.1044776119402985
220281,1617372,kkry99,143.6666666666666667,162,30,103,0.2912621359223301
152166,1419996,shpo,143.3709677419354839,195.6505376344086022,186,419,0.4439140811455847
133573,1480904,kimoshi,143.3648648648648649,179.4324324324324324,148,593,0.24957841483979765
105775,1267929,personal_ami,143.3349282296650718,154.0717703349282297,627,1143,0.5485564304461942
99971,1235926,mobu,143.3111111111111111,145.3111111111111111,45,429,0.1048951048951049
53666,575363,ke-ta,143.3023255813953488,197.1209302325581395,215,746,0.28820375335120646
65007,1656505,mana_(remana),143.0934579439252336,247.7102803738317757,107,329,0.3252279635258359
172658,1483805,sana!rpg,142.830188679245283,160.8490566037735849,53,169,0.3136094674556213
187105,1641886,micosiva,142.5319148936170213,139.0212765957446809,47,137,0.34306569343065696
204845,1656799,spring2013,142.5217391304347826,154.3043478260869565,23,145,0.15862068965517243
224630,1631964,alten,142.3461538461538462,136.5384615384615385,26,103,0.2524271844660194
129505,1351420,gorgeous_mushroom,142.2049180327868852,250.4672131147540984,122,453,0.2693156732891832
139337,1382840,an-telin,141.9210526315789474,194.3421052631578947,38,118,0.3220338983050847
218465,1611125,butterchalk,141.8260869565217391,147.1801242236024845,161,222,0.7252252252252253
5034,586548,mikazuki_akira!,141.7058823529411765,200.3823529411764706,34,326,0.10429447852760736
198159,1554209,eruu_(eruuman),141.5333333333333333,166.6333333333333333,30,159,0.18867924528301888
200378,1560650,onedoo,141.5172413793103448,144.4482758620689655,29,253,0.11462450592885376
58584,1590248,fumihiko_(fu_mihi_ko),141.3319919517102616,192.4124748490945674,497,1419,0.350246652572234
176109,1357848,twistedscarlett60,141.1506849315068493,160.2328767123287671,146,167,0.874251497005988
57145,1934837,fumutarou,140.7878787878787879,138.2196969696969697,132,211,0.6255924170616114
138487,1380051,kakure_eria,140.72,155.68,375,651,0.576036866359447
163097,1458649,chen_zi,140.6470588235294118,150.6470588235294118,17,104,0.16346153846153846
189205,1556965,keigi,140.5573770491803279,151.7213114754098361,61,225,0.27111111111111114
190765,1987842,enma_(enmanuelart),140.44,168.16,25,234,0.10683760683760683
102629,1257503,oxxo_(dlengur),140.2673267326732673,221.5148514851485149,101,148,0.6824324324324325
154231,1661180,rororogi_mogera,140.1363636363636364,154.8181818181818182,22,130,0.16923076923076924
167529,1471544,nagatsukiin,139.9767441860465116,165.5503875968992248,129,247,0.5222672064777328
237677,1664889,ultra_(511455329),139.8888888888888889,144.0555555555555556,18,110,0.16363636363636364
241737,1677038,5t_(5t_000),139.825,141.975,40,126,0.31746031746031744
94664,1231991,sane-person,139.6666666666666667,165.5111111111111111,45,102,0.4411764705882353
219501,1614531,kujya,139.5882352941176471,163.4705882352941176,17,102,0.16666666666666666
161105,1654896,jc_shikikan,139.3703703703703704,171.654320987654321,81,129,0.627906976744186
122064,1697479,genkung,139.29375,199.28125,160,243,0.6584362139917695
224503,1631613,kosaki_wit,139.2318840579710145,139.2173913043478261,69,131,0.5267175572519084
143091,1356421,blue-senpai,139.1084905660377358,188.3679245283018868,212,375,0.5653333333333334
127381,1408660,gao_(gaolukchup),138.9296875,215.421875,128,303,0.42244224422442245
206161,1660800,roina_(effj7473),138.84,151,25,211,0.11848341232227488
166557,1468637,rkrk12,138.6736842105263158,207.8421052631578947,95,176,0.5397727272727273
12761,1105077,observerz,138.625,140.375,32,157,0.20382165605095542
163392,1459277,reagan_long,138.5833333333333333,136.9166666666666667,12,110,0.10909090909090909
233096,1653497,frikulu,138.5,150.7941176470588235,34,202,0.16831683168316833
213581,1597802,pontaro18,138.3333333333333333,159.2631578947368421,57,125,0.456
205510,1575241,kyle_(kysizzle),138.3333333333333333,167.5416666666666667,24,110,0.21818181818181817
209257,1584970,ichi-go,138.0204081632653061,149.8622448979591837,196,263,0.7452471482889734
165567,1465003,bluethebone,137.9032258064516129,158.9354838709677419,93,387,0.24031007751937986
147754,1405522,nanoless,137.7708333333333333,229.34375,288,719,0.40055632823365783
134156,1452150,beijuu,137.7333333333333333,182.3466666666666667,75,633,0.11848341232227488
143021,1391631,deilan12,137.6578947368421053,196.9473684210526316,38,153,0.24836601307189543
33944,1875857,homunculus_(alchemynote),137.6363636363636364,232.6363636363636364,11,101,0.10891089108910891
88448,717760,kopianget,137.607843137254902,189.1764705882352941,51,202,0.2524752475247525
224240,1205099,egami,137.6010928961748634,153.8797814207650273,183,302,0.6059602649006622
120345,1318304,bbc-chan,137.5771428571428571,228.6628571428571429,175,391,0.4475703324808184
104826,1265309,fuooooo,137.5503875968992248,134.4961240310077519,129,269,0.4795539033457249
197662,422278,rococo,137.4193548387096774,162.0752688172043011,93,115,0.808695652173913
183223,1561797,bannou_ippoutsukou,137.4117647058823529,152.8235294117647059,17,125,0.136
196361,1549480,henria,137.3968253968253968,148.8571428571428571,126,182,0.6923076923076923
128559,1347962,kirome_(kamipaper),137.36,173.6,25,188,0.13297872340425532
204684,1573089,hatsuitsumo,137.2054794520547945,132.1643835616438356,73,139,0.5251798561151079
154753,1454105,topu,137.1649484536082474,149.986254295532646,291,561,0.5187165775401069
5207,16696,ishikei,136.7621621621621622,161.7189189189189189,185,445,0.4157303370786517
158157,1591551,laserflip,136.6197718631178707,230.3346007604562738,263,510,0.515686274509804
163662,1556093,eric_(tianqijiang),136.3333333333333333,131.8095238095238095,21,187,0.11229946524064172
163564,1582207,handplug,136.3255813953488372,156.5116279069767442,43,197,0.2182741116751269
185606,1519521,toyasu_aina,136.2830188679245283,135.0566037735849057,53,123,0.43089430894308944
203632,1569965,lan_mao_akko,136.0476190476190476,175.619047619047619,21,179,0.11731843575418995
204673,1626304,shuuko_(s_h_uuko),135.7788461538461538,140.8125,208,357,0.5826330532212886
89999,727112,yamada_(gotyui),135.7614213197969543,147.817258883248731,197,231,0.8528138528138528
218607,1611451,honkivampy,135.125,139.6666666666666667,24,155,0.15483870967741936
158913,1444677,sorapoi,134.9230769230769231,134.9230769230769231,156,288,0.5416666666666666
234755,1659268,gueya,134.8378378378378378,136.1081081081081081,37,128,0.2890625
177598,1542475,nonoyama,134.3684210526315789,157.0451127819548872,133,259,0.5135135135135135
72153,1332542,dikko,134.2934051144010767,148.2422611036339166,743,882,0.8424036281179138
107472,1273222,karatakewari,133.9333333333333333,186.6,60,213,0.28169014084507044
85479,1907879,contllenge,133.9230769230769231,235.0769230769230769,13,101,0.12871287128712872
224249,1629739,royboy,133.7857142857142857,129.7857142857142857,14,122,0.11475409836065574
154876,1409763,sgt-jz,133.7222222222222222,176.1944444444444444,36,112,0.32142857142857145
174451,1708189,ogre_(illustogre),133.5064935064935065,150.8181818181818182,77,232,0.33189655172413796
185669,1519720,achromaru,132.8072289156626506,135.7228915662650602,83,186,0.44623655913978494
130009,1691121,iwbitu,132.6709401709401709,190.0598290598290598,234,736,0.3179347826086957
101494,1253692,pasya-pasya,132.6521739130434783,130.4130434782608696,46,107,0.42990654205607476
141930,1390892,hoo_bamon,132.4693877551020408,173.2653061224489796,49,203,0.2413793103448276
93332,1425969,kotoribako,132.3035714285714286,182.7321428571428571,56,401,0.1396508728179551
8010,465434,kusaka_souji,132.2826086956521739,186.4782608695652174,92,493,0.18661257606490872
185071,1517924,aestheticc-meme,131.946078431372549,157.4509803921568627,204,677,0.30132939438700146
182199,1534418,tyrone,131.9318181818181818,145.2727272727272727,44,185,0.23783783783783785
131984,1583084,kanopan,131.9210526315789474,177.3026315789473684,76,158,0.4810126582278481
7848,388510,miyase_mahiro,131.9090909090909091,172.8181818181818182,88,615,0.14308943089430895
52268,570006,sigm@,131.7777777777777778,173.7962962962962963,54,265,0.2037735849056604
204516,1572613,dirty_ero,131.7647058823529412,163.7058823529411765,17,110,0.15454545454545454
33393,502885,kawaty,131.7142857142857143,225.8571428571428571,14,116,0.1206896551724138
122331,1326333,uno_ryoku,131.4146341463414634,133.4634146341463415,41,308,0.1331168831168831
192093,1538490,foifoi_(marfoyfoyfoy),131.3823529411764706,178.6764705882352941,34,108,0.3148148148148148
79081,1686007,yuki_usagi_(snowcanvas),131.2926829268292683,215.9268292682926829,41,138,0.2971014492753623
234562,1656691,loodncrood,131.2,126.6235294117647059,85,185,0.4594594594594595
185585,1572036,hong_bai,131.1067961165048544,146.9805825242718447,103,236,0.4364406779661017
54279,577877,chiyingzai,131.0638297872340426,165.2978723404255319,47,222,0.21171171171171171
145418,1398954,yanje,130.5689655172413793,188.9137931034482759,58,200,0.29
52763,632239,fujieda_uzuki,130.216,161.864,125,241,0.5186721991701245
52029,569182,incase,130.1228070175438596,187.4912280701754386,57,257,0.22178988326848248
227373,1637994,banana_oekaki,130.1111111111111111,125.3333333333333333,18,101,0.1782178217821782
159466,1462869,hot_melon,129.608695652173913,219.6231884057971014,69,165,0.41818181818181815
140653,1416767,aimee_(emi),129.5714285714285714,193.6428571428571429,42,171,0.24561403508771928
42189,1088603,kawakami_rokkaku,129.4923664122137405,159.1030534351145038,262,571,0.45884413309982486
214722,1601003,malberrybush,129.4081632653061224,158.3061224489795918,49,130,0.3769230769230769
158053,1440964,sirachi,129.2,133.1428571428571429,35,198,0.17676767676767677
150081,1684446,kunugi_miyaco,128.7727272727272727,151.5909090909090909,22,138,0.15942028985507245
125586,1338399,miurahha,128.5308641975308642,188.8518518518518519,81,134,0.6044776119402985
50718,1443658,ohisashiburi,128.5027624309392265,170.7513812154696133,181,1319,0.1372251705837756
223901,1799728,tangerine_(dudu),128.3714285714285714,130,35,104,0.33653846153846156
175333,1491456,irokohaku,128.3076923076923077,129,26,135,0.1925925925925926
95692,1244000,hikichi_sakuya,128.28,192.92,25,203,0.12315270935960591
154149,1427376,besmiled,128.1296296296296296,124.1296296296296296,108,233,0.463519313304721
167291,1533090,aztodio,127.9555555555555556,176.4603174603174603,315,1041,0.3025936599423631
47412,553574,feguimel,127.9069767441860465,223.4651162790697674,43,420,0.10238095238095238
17487,437592,sayika,127.8701298701298701,247.8311688311688312,77,159,0.48427672955974843
110997,1284335,bakkanki,127.8305084745762712,169.7288135593220339,59,352,0.16761363636363635
92580,1785483,elleciel.eud,127.6115702479338843,172.8264462809917355,121,199,0.6080402010050251
208226,1582144,devil_heavens,127.5333333333333333,142.2666666666666667,15,128,0.1171875
14646,423189,nagami_yuu,127.4705882352941176,139.7254901960784314,51,451,0.1130820399113082
65002,1695784,tetsuwan_woopie,127.2807017543859649,159.3157894736842105,57,102,0.5588235294117647
135679,1575785,masaki_(ekakiningen),127.2615384615384615,160,65,257,0.2529182879377432
173818,1620874,kanata_(kanade_pa),127.15,147.75,40,153,0.26143790849673204
51984,562994,pettan_p,127.09375,151.4270833333333333,96,338,0.28402366863905326
227139,1637607,tenroy,127.0666666666666667,122.7,30,113,0.26548672566371684
127245,1343070,nagiha_kuten,127.0416666666666667,151.125,24,128,0.1875
192196,1538619,mamerakkkkko,126.9383116883116883,166.6396103896103896,308,738,0.4173441734417344
140816,1386116,eymbee,126.8928571428571429,170.8214285714285714,28,133,0.21052631578947367
147611,1405220,mathew_(srmmk_mce),126.7424242424242424,135.6515151515151515,66,223,0.29596412556053814
169343,544866,gatchan,126.4545454545454545,175.1590909090909091,44,333,0.13213213213213212
180157,1504114,jtveemo,126.4437086092715232,178.7019867549668874,151,654,0.2308868501529052
46353,1465698,tengu_(tetuo_kun),126.4133333333333333,166.1333333333333333,75,324,0.23148148148148148
31259,493420,zero_(miraichizu),126.3846153846153846,156.1538461538461538,26,231,0.11255411255411256
45542,1644940,naha78,126.1111111111111111,196.7777777777777778,18,171,0.10526315789473684
78099,1608740,xter,125.9605263157894737,197.8684210526315789,76,404,0.18811881188118812
245150,1685951,hirotaka0125,125.8695652173913043,122.0869565217391304,23,130,0.17692307692307693
118516,1376072,casino_(casinoep),125.8115183246073298,139.5287958115183246,191,690,0.2768115942028985
175281,1491299,tottotonero,125.608,154.096,125,643,0.19440124416796267
224226,1629681,kobinbin,125.4285714285714286,126.1071428571428571,28,238,0.11764705882352941
111326,1285623,yewang19,125.3472222222222222,190.3333333333333333,72,265,0.27169811320754716
261450,1724046,mixplin,125.2151898734177215,121.1772151898734177,79,187,0.42245989304812837
239155,1670042,yutian_alice,124.7575757575757576,135.5909090909090909,66,129,0.5116279069767442
132155,1359551,kt_(kusare171),124.6530612244897959,148.6938775510204082,49,104,0.47115384615384615
157976,1440612,shibanme_tekikumo,124.3571428571428571,147.2857142857142857,14,109,0.12844036697247707
189584,1531322,ayase-mio,123.9883720930232558,158.9418604651162791,86,184,0.4673913043478261
225730,1808592,veryhardloco,123.9565217391304348,124.9565217391304348,23,110,0.20909090909090908
108982,1278262,wewe,123.7307692307692308,123.9615384615384615,26,237,0.10970464135021098
209442,1585843,lewdishsnail,123.627906976744186,137.5116279069767442,43,103,0.4174757281553398
95436,924539,puge,123.6,162.9333333333333333,45,190,0.23684210526315788
180632,1505028,haiba_09,123.5957446808510638,165.7021276595744681,47,201,0.23383084577114427
121883,1324482,bigrbear,123.5544354838709677,141.8225806451612903,496,821,0.6041412911084044
137686,1377215,tsuki_no_i-min,123.4666666666666667,218.2,30,223,0.13452914798206278
79262,678046,deathalice,123.2058823529411765,225.9117647058823529,34,136,0.25
155904,1691015,wagashi_(dagashiya),122.9827586206896552,159.0172413793103448,58,168,0.34523809523809523
134890,1367364,mendou_kusai,122.9523809523809524,197.380952380952381,42,308,0.13636363636363635
119239,1314692,kauru00,122.9230769230769231,134.2307692307692308,13,129,0.10077519379844961
190214,1573939,furuyama_itaru,122.880952380952381,140.9285714285714286,42,265,0.15849056603773584
130191,1352216,wulazula,122.75,129.9,20,130,0.15384615384615385
12864,412340,namidame,122.6875,152.03125,32,155,0.2064516129032258
65883,676582,ookuma_nekosuke,122.6666666666666667,220.1458333333333333,48,344,0.13953488372093023
179569,1566429,toshizou_(0714),122.6590909090909091,123.6931818181818182,88,267,0.3295880149812734
171886,2004605,mmmalice,122.3846153846153846,125.6153846153846154,26,101,0.25742574257425743
160178,1781121,aleriia_v,122.2553191489361702,196.4893617021276596,94,312,0.30128205128205127
189699,1531630,xiumu_bianzhou,122.186046511627907,158.5348837209302326,43,132,0.32575757575757575
169852,1541004,siu_(siu0207),122.1447368421052632,166.9802631578947368,152,491,0.3095723014256619
172108,1482465,themaestronoob,121.7045454545454545,132.0454545454545455,44,214,0.205607476635514
46507,1425548,nakamura_regura,121.6180555555555556,177.875,144,608,0.23684210526315788
196430,1549651,chihunhentai,121.5038759689922481,206.6124031007751938,129,369,0.34959349593495936
182134,1464106,lewdamone,121.4230769230769231,144.2307692307692308,26,258,0.10077519379844961
75287,660208,c.cu,121.391304347826087,163.5217391304347826,23,184,0.125
226649,1636492,castell,121.3888888888888889,124.1666666666666667,36,196,0.1836734693877551
199930,1558969,fang_qiao,120.896551724137931,124.8620689655172414,29,137,0.2116788321167883
212503,1594287,tabayashi,120.8125,117.0625,16,148,0.10810810810810811
220721,1618812,togekk0,120.7368421052631579,115.7368421052631579,19,151,0.12582781456953643
183951,1514649,luizhtx,120.6,117.2666666666666667,15,117,0.1282051282051282
175512,1491903,skysign_ft,120.5517241379310345,145.3448275862068966,29,110,0.2636363636363636
114216,1320247,neoartcore,120.4913793103448276,239.9137931034482759,116,735,0.15782312925170067
152764,1425537,mushiro_(nijie728995),120.4634146341463415,199.4634146341463415,41,129,0.3178294573643411
169910,1476874,kinkymation,120.3029045643153527,139.6431535269709544,241,930,0.2591397849462366
213093,1596249,wsfw,120.1470588235294118,115.4705882352941176,34,131,0.2595419847328244
208432,1582676,so_dasui1,120,135.3125,48,104,0.46153846153846156
91894,1026081,cafekun,119.7692307692307692,144.7076923076923077,65,402,0.16169154228855723
28307,583905,kedama_milk,119.7575757575757576,153.4621212121212121,132,460,0.28695652173913044
65446,1385271,sasachin_(k+w),119.6935483870967742,182.2258064516129032,62,199,0.31155778894472363
199523,1557836,mankai_kaika,119.65,200.45,40,104,0.38461538461538464
37435,490895,shiokonbu,119.5714285714285714,178.873015873015873,63,302,0.20860927152317882
102154,1842858,minamoto_(mutton),119.3103448275862069,194.8793103448275862,58,198,0.29292929292929293
139570,1928634,housou-kun,118.9591836734693878,131.8163265306122449,49,160,0.30625
83990,1592591,takaman_(gaffe),118.736,137.416,125,453,0.27593818984547464
215828,1604055,karakari,118.7272727272727273,131.3181818181818182,44,195,0.22564102564102564
17763,439075,sugiyuu,118.63,143.28,100,295,0.3389830508474576
82538,691717,tedain,118.4857142857142857,150.3428571428571429,70,184,0.3804347826086957
12502,410214,mimonel,118.382716049382716,143.0061728395061728,162,386,0.41968911917098445
90157,1435059,ajifurai,118.3333333333333333,164.3055555555555556,36,165,0.21818181818181817
142124,1389271,rikume,118.1940298507462687,156.0746268656716418,134,245,0.5469387755102041
135468,1474416,sciamano240,118.1904761904761905,234.4857142857142857,105,863,0.12166859791425261
204698,1573140,hiragana_oufu,118.1666666666666667,136.9444444444444444,18,165,0.10909090909090909
179586,1567619,devilukez,117.9777777777777778,139.6555555555555556,90,235,0.3829787234042553
167600,1635390,donburi_(donburikazoku),117.8857142857142857,156.0685714285714286,175,676,0.2588757396449704
155270,1431243,damda,117.7714285714285714,185.5285714285714286,70,489,0.14314928425357873
110502,1282889,unsomnus,117.6333333333333333,185.6333333333333333,30,230,0.13043478260869565
138019,1378540,aposine,117.5510204081632653,136.6836734693877551,196,309,0.6343042071197411
231729,1650884,kajimakoto,117.3013698630136986,114.1917808219178082,73,230,0.3173913043478261
4845,670050,cle_masahiro,117.2620320855614973,184.4385026737967914,187,987,0.1894630192502533
126334,1339966,tofuubear,116.9195710455764075,198.0268096514745308,373,853,0.4372801875732708
130909,1353855,cherry-gig,116.8947368421052632,156.8421052631578947,19,108,0.17592592592592593
195503,1547331,chukibabo2,116.8,119.7333333333333333,15,124,0.12096774193548387
114425,1297287,metal_owl_(aden12),116.6458333333333333,188.2916666666666667,48,180,0.26666666666666666
220186,1652895,period_(anony_83),116.5652173913043478,142.3043478260869565,23,116,0.19827586206896552
182943,1563715,ursica,116.5,115.5,30,176,0.17045454545454544
163908,1459757,seraziel,116.3373015873015873,126.753968253968254,252,931,0.2706766917293233
201540,1563825,slash-ex,116.2222222222222222,145.6111111111111111,18,122,0.14754098360655737
132507,1299101,wsman,116.1041666666666667,181.2916666666666667,48,470,0.10212765957446808
12759,411653,hidebou,116.0740740740740741,169.8518518518518519,27,132,0.20454545454545456
125171,1336858,k-y,116.0625,125.6875,32,104,0.3076923076923077
203989,1571227,sokona_(sosokona),116,163,13,104,0.125
185784,1485832,keihh,115.9166666666666667,130.5833333333333333,24,181,0.13259668508287292
220015,1702030,mengxin_huazha,115.8333333333333333,111.625,24,106,0.22641509433962265
70460,1574299,hanetu,115.8285714285714286,150.7142857142857143,35,133,0.2631578947368421
226767,1636690,pomelomelon,115.3428571428571429,120.7428571428571429,35,212,0.1650943396226415
122126,1618636,jjanda,115.2612612612612613,147.8693693693693694,222,601,0.36938435940099834
147693,1405439,exlic,114.9947643979057592,156.643979057591623,191,523,0.3652007648183556
236945,1662774,myth1carts,114.6842105263157895,110.6710526315789474,152,345,0.4405797101449275
156790,1435753,aroma_sensei,114.5113636363636364,171.6477272727272727,88,460,0.19130434782608696
213945,1598789,wing228,114.4761904761904762,136.6666666666666667,63,118,0.5338983050847458
135427,1358418,funitarefu,114.0985915492957746,129.5915492957746479,71,148,0.4797297297297297
200969,1562156,hanpenmaru,113.8865979381443299,143.8298969072164948,194,506,0.383399209486166
92861,1226320,papino,113.8181818181818182,129.1136363636363636,44,199,0.22110552763819097
87688,714124,hews,113.5985533453887884,194.1573236889692586,553,2144,0.2579291044776119
99768,1839870,tilt-shift_(azalanz),113.4516129032258065,131.2419354838709677,62,321,0.19314641744548286
74528,657327,obaoba_(monkeyix),113.391304347826087,192.4782608695652174,46,178,0.25842696629213485
100424,1269669,minakami_(flyingman555),113.3314121037463977,146.175792507204611,347,849,0.408716136631331
157020,1436485,fujiko_(emnprmn),113.28,119.2,50,279,0.17921146953405018
106198,1269143,shuffle_(songdatiankong),113.1904761904761905,172.380952380952381,21,121,0.17355371900826447
133245,1362622,shacho_(ko_no_ha),113.0566037735849057,127.5566037735849057,106,230,0.4608695652173913
158567,1443139,dearonnus,113.0392156862745098,208.0588235294117647,51,329,0.15501519756838905
19100,1750208,sashizume_soutarou,112.9655172413793103,124.1724137931034483,29,143,0.20279720279720279
97360,1451131,hanazawa_suou,112.8865248226950355,144.0354609929078014,141,284,0.4964788732394366
96059,1236086,gray_bear,112.8333333333333333,206.1666666666666667,36,109,0.3302752293577982
4468,382437,happoubi_jin,112.7068965517241379,212.2241379310344828,58,293,0.19795221843003413
189462,1530982,moursho,112.5263157894736842,109.8947368421052632,38,105,0.3619047619047619
127838,1467566,alpha_(alpha91),112.4963503649635036,143.145985401459854,137,181,0.7569060773480663
151605,1418268,hiramedousa,112.4888888888888889,117.8,45,284,0.15845070422535212
192969,1486776,viroa,112.4838709677419355,115.5806451612903226,31,175,0.17714285714285713
210071,1597738,nohhun,112.2837837837837838,144.6891891891891892,74,160,0.4625
153958,1426534,oniilus,112.1743119266055046,125.9541284403669725,109,195,0.558974358974359
150079,1412874,chamchami,112.1276595744680851,128.425531914893617,47,209,0.22488038277511962
128005,1763879,mikozin,111.9921875,114.7265625,128,945,0.13544973544973546
106815,1261393,seneto,111.9920634920634921,129.0555555555555556,126,562,0.22419928825622776
176025,1610723,gweda,111.8789473684210526,131.5978947368421053,950,1347,0.7052709725315516
157465,1573160,joosi,111.797979797979798,164.1313131313131313,99,170,0.5823529411764706
161455,1411301,merunyaa,111.7428571428571429,140.3518796992481203,665,1476,0.4505420054200542
141185,1387104,tsukimoto_kizuki,111.64,115.18,50,233,0.2145922746781116
216766,1799738,kkato,111.4615384615384615,114.0384615384615385,26,209,0.12440191387559808
214594,1601405,onikokko,111.323943661971831,129.3380281690140845,142,284,0.5
112391,1290316,tinnies,111.3076923076923077,126.4230769230769231,52,323,0.1609907120743034
